{
  "mAP50": 0.4543260228034876,
  "mAP75": 0.41777364185110655,
  "mAP50-95": 0.3282638896713615,
  "precision": 1.0,
  "recall": 0.3523491793117482,
  "f1_score": 