{
  "metrics/precision(B)": 1.0,
  "metrics/recall(B)": 0.3523491793117482,
  "metrics/mAP50(B)": 0.4543260228034876,
  "metrics/mAP50-95(B)": 0.3282638896713615,
  "fitness": 0.3282638896713615
}